True Values,Predictions,error,close,open,gap_open,day_of_week,week_of_year,month_of_year,Mar Up,Mar Down,Pred Up,Pred Down,Results
8034,8034.79075,-0.79075,8034,8026.5,11.05,1,24,6,1,0,1,0,1
11954.55,11968.44325,-13.89325,11954.55,11967.3,51.2,4,47,11,0,1,1,0,0
8164.35,8156.145,8.205,8164.35,8153.15,14.8,1,49,12,1,0,1,0,1
10307.6,10342.33225,-34.73225,10307.6,10332.7,103.25,3,48,11,0,1,1,0,0
18372.25,18437.40175,-65.15175,18372.25,18439.9,157.15,2,42,10,0,1,0,1,1
21440.05,21429.062,10.988,21440.05,21414.2,-63.05,3,3,1,1,0,1,0,1
11479.4,11479.2495,0.1505,11479.4,11463.65,-117.85,3,13,3,1,0,1,0,1
14218.45,14245.38525,-26.93525,14218.45,14219.15,-179.55,3,16,4,0,1,1,0,0
8785.6,8788.6165,-3.0165,8785.6,8796.35,-8.35,4,35,9,0,1,0,1,1
10076.6,10083.518,-6.918,10076.6,10063.25,42.65,3,30,7,1,0,1,0,1
8578.9,8608.97,-30.07,8578.9,8623.9,21.6,0,30,7,0,1,0,1,1
16119.6,16105.404,14.196,16119.6,16078,-288.9,2,10,3,1,0,1,0,1
8855.4,8808.13975,47.26025,8855.4,8831.4,22.7,0,8,2,1,0,0,1,0
11324.7,11375.7965,-51.0965,11324.7,11392.85,56.85,0,30,7,0,1,0,1,1
7419.6,7443.46775,-23.86775,7419.6,7411.45,-1.35,3,5,2,1,0,1,0,1
14833.85,14728.83425,105.01575,14833.85,14768.55,-38.75,1,12,3,1,0,0,1,0
8254.5,8243.238,11.262,8254.5,8240.3,-14.45,4,20,5,1,0,1,0,1
8869.9,8860.59275,9.30725,8869.9,8873.35,11.6,3,38,9,0,1,0,1,1
22232.9,22217.371,15.529,22232.9,22231.2,-75.55,2,19,5,1,0,0,1,0
8203.9,8186.15925,17.74075,8203.9,8200.8,4.45,2,1,1,1,0,0,1,0
10331.6,10352.7765,-21.1765,10331.6,10329.25,8,1,47,11,1,0,1,0,1
8048.1,7989.8005,58.2995,8048.1,8009.55,-116.85,0,41,10,1,0,0,1,0
10254.3,10249.312,4.988,10254.3,10271.3,41.5,4,10,3,0,1,0,1,1
10661.85,10674.67775,-12.82775,10661.85,10688.7,230.25,2,42,10,0,1,0,1,1
14997,15004.3255,-7.3255,14997,14977.95,14.8,4,9,3,1,0,1,0,1
14721.75,14724.453,-2.703,14721.75,14712.45,147.5,2,12,3,1,0,1,0,1
11348.65,11373.72975,-25.07975,11348.65,11378.55,84.25,1,37,9,0,1,0,1,1
8436.5,8434.46925,2.03075,8436.5,8439.2,84.55,2,28,7,0,1,0,1,1
10955.95,10938.74,17.21,10955.95,10944.25,189.4,4,51,12,1,0,0,1,0
19550.2,19539.8015,10.3985,19550.2,19564.65,-13,1,36,9,0,1,0,1,1
14343.45,14291.3605,52.0895,14343.45,14326.35,-4.9,4,16,4,1,0,0,1,0
11420.55,11466.659,-46.109,11420.55,11464.95,93.35,0,38,9,0,1,1,0,0
10685.3,10703.90375,-18.60375,10685.3,10732.35,80.6,0,27,7,0,1,0,1,1
9101.8,9272.0155,-170.2155,9101.8,9285.4,320.1,1,12,3,0,1,0,1,1
24829.65,24844.72875,-15.07875,24829.65,24845.4,13.55,4,34,8,0,1,0,1,1
11691.55,11642.9805,48.5695,11691.55,11665.2,9.6,0,14,4,1,0,0,1,0
8924,8975.793,-51.793,8924,8968.7,44.75,2,36,9,0,1,1,0,0
7719.15,7732.09,-12.94,7719.15,7725.7,-104,1,40,9,0,1,1,0,0
14929.95,14975.1995,-45.2495,14929.95,14946.55,237.3,2,11,3,0,1,1,0,0
7872.1,7872.778,-0.678,7872.1,7888.75,25.75,3,52,12,0,1,0,1,1
13521.9,13546.18225,-24.28225,13521.9,13547.2,-17.3,1,51,12,0,1,0,1,1
8628.05,8656.295,-28.245,8628.05,8653.15,28.65,1,44,11,0,1,1,0,0
9118.9,9082.26425,36.63575,9118.9,9099.75,53.65,1,22,5,1,0,0,1,0
19642.25,19718.33675,-76.08675,19642.25,19674.7,-86.45,3,46,11,0,1,1,0,0
12900.9,12858.97875,41.92125,12900.9,12839.5,78.9,3,47,11,1,0,1,0,1
11528.5,11488.117,40.383,11528.5,11487.8,-20.65,0,41,10,1,0,1,0,1
9356.7,9339.251,17.449,9356.7,9339.65,-72.8,2,19,5,1,0,0,1,0
7602.55,7620.69075,-18.14075,7602.55,7630.4,88.25,3,14,4,0,1,0,1,1
8092.9,8034.631,58.269,8092.9,8024.15,-101.35,2,24,6,1,0,1,0,1
17809.4,17797.88025,11.51975,17809.4,17750.3,-112.2,2,6,2,1,0,1,0,1
8880,8885.95825,-5.95825,8880,8890.75,-12.5,1,8,2,0,1,0,1,1
10382.25,10405.01225,-22.76225,10382.25,10391,33.35,1,8,2,0,1,1,0,0
15825.2,15737.58625,87.61375,15825.2,15754.5,-3.4,0,29,7,1,0,0,1,0
7509.6,7522.45925,-12.85925,7509.6,7527.45,-44.65,0,2,1,0,1,0,1,1
8517.55,8520.88125,-3.33125,8517.55,8515.75,-47.85,3,28,7,1,0,1,0,1
9864.9,9867.74525,-2.84525,9864.9,9881.2,15.5,3,34,8,0,1,0,1,1
10920.65,10883.246,37.404,10920.65,10899.65,11.05,2,3,1,1,0,0,1,0
12128.55,12117.239,11.311,12128.55,12119,35.9,3,8,2,1,0,0,1,0
12326.35,12345.67,-19.32,12326.35,12333.1,-26.95,1,3,1,0,1,1,0,0
18037.6,17945.4215,92.1785,18037.6,17968.35,-79.7,3,44,11,1,0,0,1,0
21577.7,21729.088,-151.388,21577.7,21664.3,-63.7,1,7,2,0,1,1,0,0
17725.4,17679.48975,45.91025,17725.4,17706.2,-85.4,2,5,2,1,0,0,1,0
8785,8793.138,-8.138,8785,8785.45,-10.65,0,6,2,0,1,1,0,0
12032.95,12064.4235,-31.4735,12032.95,12067.65,66.6,1,49,12,0,1,0,1,1
13952.8,13961.31025,-8.51025,13952.8,13910.35,-16.55,1,53,12,1,0,1,0,1
10337.6,10329.504,8.096,10337.6,10323.8,-95.65,2,27,7,1,0,1,0,1
11022.05,10979.879,42.171,11022.05,10997.4,-86.15,1,4,1,1,0,0,1,0
22604.5,22599.7895,4.7105,22604.5,22620.4,170.2,4,17,4,0,1,0,1,1
18680.35,18644.239,36.111,18680.35,18631.8,-86.85,1,24,6,1,0,1,0,1
14805.85,14704.26225,101.58775,14805.85,14747.35,129.8,4,17,4,1,0,0,1,0
11354.7,11366.816,-12.116,11354.7,11369.6,6.25,0,33,8,0,1,0,1,1
19813.35,19851.70225,-38.35225,19813.35,19831.7,-138.25,3,29,7,0,1,1,0,0
11328.95,11377.807,-48.857,11328.95,11372.25,43.8,1,30,7,0,1,1,0,0
8652.1,8653.69825,-1.59825,8652.1,8639.2,16.6,2,33,8,1,0,1,0,1
15640.8,15700.4025,-59.6025,15640.8,15629.65,61.6,1,22,6,1,0,1,0,1
11734.4,11746.66825,-12.26825,11734.4,11738.55,61.2,2,9,2,0,1,1,0,0
12033.7,11990.53275,43.16725,12033.7,12031.3,-58.45,4,50,12,1,0,0,1,0
8456.15,8480.201,-24.051,8456.15,8468.05,-25.85,2,34,8,0,1,1,0,0
9067.45,9082.422,-14.972,9067.45,9091.65,18.3,1,11,3,0,1,0,1,1
16013.5,15952.7415,60.7585,16013.5,15977,209.85,4,19,5,1,0,0,1,0
17445.9,17461.87675,-15.97675,17445.9,17423.1,-142.15,3,42,10,1,0,1,0,1
11835.1,11831.44625,3.65375,11835.1,11786.25,-195.05,1,6,2,1,0,1,0,1
17086.9,17049.573,37.327,17086.9,17073.35,35.7,2,17,4,1,0,0,1,0
7498.7,7462.44225,36.25775,7498.7,7488.15,-26.2,4,10,3,1,0,0,1,0
7959.15,7974.359,-15.209,7959.15,7959.85,-31.6,4,24,6,0,1,1,0,0
18062.85,18086.7445,-23.8945,18062.85,18089.8,-46.2,1,52,12,0,1,0,1,1
8642.55,8610.526,32.024,8642.55,8633.75,49.05,1,30,7,1,0,0,1,0
10599.6,10717.3855,-117.7855,10599.6,10706.2,-21.85,3,29,7,0,1,1,0,0
10242.3,10265.0315,-22.7315,10242.3,10278.15,38.25,2,43,10,0,1,0,1,1
8140.9,8141.75025,-0.85025,8140.9,8153.55,65.55,4,48,12,0,1,0,1,1
25565.75,25518.059,47.691,25565.75,25487.05,42.05,3,38,9,1,0,1,0,1
17002.3,17096.54025,-94.24025,17002.3,17044.1,-136.4,1,49,12,0,1,1,0,0
8905.35,8908.286,-2.936,8905.35,8913.05,-7.7,5,9,2,0,1,0,1,1
11726.85,11761.40075,-34.55075,11726.85,11748,-97.3,4,21,5,0,1,1,0,0
17556.45,17512.6755,43.7745,17556.45,17485.7,-77.55,3,35,9,1,0,1,0,1
10744.1,10742.07825,2.02175,10744.1,10734.65,-38.65,2,25,6,1,0,1,0,1
22125.5,22095.41275,30.08725,22125.5,22090.2,-104,1,9,2,1,0,1,0,1
7435.8,7443.1275,-7.3275,7435.8,7436.1,-96.4,2,10,3,0,1,1,0,0
10666.5,10703.96575,-37.46575,10666.5,10699.6,-142.15,4,34,8,0,1,1,0,0
19485.15,19415.60425,69.54575,19485.15,19422.8,98.15,4,27,7,1,0,0,1,0
14701.8,14720.1535,-18.3535,14701.8,14737,36.2,1,14,4,0,1,0,1,1
9455.75,9527.75625,-72.00625,9455.75,9478.5,-46.45,4,26,6,0,1,1,0,0
12221.65,12212.0505,9.5995,12221.65,12202.15,12.45,2,1,1,1,0,1,0,1
17574.25,17536.4275,37.8225,17574.25,17525.45,-82.1,2,34,8,1,0,1,0,1
9151.05,9149.85,1.2,9151.05,9135.35,-82.35,0,17,4,1,0,1,0,1
11873.9,11934.09875,-60.19875,11873.9,11910.1,99.25,4,24,6,0,1,1,0,0
10543.05,10507.2835,35.7665,10543.05,10526.55,-50.15,0,9,2,1,0,0,1,0
11321.8,11313.51375,8.28625,11321.8,11317.45,9.15,3,34,8,1,0,0,1,0
8300.7,8298.9165,1.7835,8300.7,8307.25,19.5,2,3,1,0,1,0,1,1
10501.85,10467.8225,34.0275,10501.85,10462.3,-94.9,4,44,11,1,0,1,0,1
11741.65,11710.91625,30.73375,11741.65,11722.6,12.7,4,18,5,1,0,0,1,0
8678.1,8688.303,-10.203,8678.1,8698.05,96,4,16,4,0,1,0,1,1
17896.3,17875.1395,21.1605,17896.3,17867.55,-86.15,0,41,10,1,0,1,0,1
11559,11541.76425,17.23575,11559,11539.4,20.15,3,38,9,1,0,1,0,1
14108.7,14053.07575,55.62425,14108.7,14075.15,-124.15,1,1,1,1,0,0,1,0
10937.85,10945.3115,-7.4615,10937.85,10938.2,200.7,4,5,2,0,1,1,0,0
7700.75,7679.24325,21.50675,7700.75,7690.65,137.7,0,37,9,1,0,0,1,0
11266.65,11299.277,-32.627,11266.65,11289,-21.75,2,33,8,0,1,1,0,0
22679.05,22636.01475,43.03525,22679.05,22679.65,91.9,1,18,4,0,1,0,1,1
11976.45,11975.78025,0.66975,11976.45,12028.25,20.2,1,8,2,0,1,0,1,1
8390.25,8406.57425,-16.32425,8390.25,8390.95,-27.75,0,3,1,0,1,1,0,0
8635.55,8654.64225,-19.09225,8635.55,8657.3,49,2,43,10,0,1,0,1,1
17809.35,17790.99075,18.35925,17809.35,17810.55,13.4,3,40,10,0,1,0,1,1
8424.4,8429.16925,-4.76925,8424.4,8418.4,-12.8,3,3,1,1,0,1,0,1
16521.5,16447.69775,73.80225,16521.5,16481.65,-155.75,3,22,6,1,0,0,1,0
7781.5,7802.8085,-21.3085,7781.5,7788.8,-55.95,3,47,11,0,1,1,0,0
8478.9,8493.92775,-15.02775,8478.9,8503.6,67.95,4,44,11,0,1,0,1,1
22798.1,22742.98125,55.11875,22798.1,22762.75,56.95,2,22,5,1,0,0,1,0
13694.45,13704.176,-9.726,13694.45,13713.55,-21.3,3,51,12,0,1,0,1,1
8905.75,8910.078,-4.328,8905.75,8915.5,-32.95,3,36,9,0,1,0,1,1
10078.3,10071.465,6.835,10078.3,10062.35,-23.05,4,37,9,1,0,1,0,1
11584.65,11589.582,-4.932,11584.65,11596.65,-64.4,1,29,7,0,1,0,1,1
21714,21708.34525,5.65475,21714,21716.7,473.65,1,4,1,0,1,0,1,1
22129.9,22134.28275,-4.38275,22129.9,22126.5,-97.3,1,20,5,1,0,1,0,1
9822.95,9786.4065,36.5435,9822.95,9814.3,31.35,4,39,9,1,0,0,1,0
19434.1,19402.066,32.034,19434.1,19433.45,93.4,2,35,8,1,0,0,1,0
7012.85,7058.4105,-45.5605,7012.85,7029.85,46.45,3,8,2,0,1,1,0,0
7570.8,7561.8155,8.9845,7570.8,7587.2,76.55,1,2,1,0,1,0,1,1
10886.05,10914.07475,-28.02475,10886.05,10930.9,-83.7,0,40,10,0,1,0,1,1
9903.95,9884.18525,19.76475,9903.95,9899.25,-15.9,2,36,9,1,0,0,1,0
18091.1,18111.684,-20.584,18091.1,18127.05,162.7,1,46,11,0,1,0,1,1
18087.45,18084.98925,2.46075,18087.45,18115.6,88.3,4,3,1,0,1,0,1,1
8586.6,8591.57525,-4.97525,8586.6,8615.4,172.4,0,17,4,0,1,0,1,1
10249.55,10241.68325,7.86675,10249.55,10274.6,154.7,2,14,4,0,1,0,1,1
8751.75,8768.581,-16.831,8751.75,8769.75,44.15,1,11,3,0,1,0,1,1
8591.45,8575.925,15.525,8591.45,8591.55,40.6,0,13,3,0,1,0,1,1
22331.05,22333.99225,-2.94225,22331.05,22334.45,0.75,1,11,3,0,1,0,1,1
7448.3,7450.93975,-2.63975,7448.3,7459.75,-42.45,2,11,3,0,1,0,1,1
15827.1,15868.73175,-41.63175,15827.1,15867.95,-13.1,0,10,3,0,1,1,0,0
7851.9,7823.6215,28.2785,7851.9,7830.45,-32.05,2,52,12,1,0,0,1,0
11913.3,11873.4755,39.8245,11913.3,11879.2,-33.55,0,46,11,1,0,0,1,0
8238.9,8213.449,25.451,8238.9,8232.35,4.5,1,44,10,1,0,0,1,0
20933.8,20916.91975,16.88025,20933.8,20950.75,14.85,2,49,12,0,1,0,1,1
10905.1,10889.88675,15.21325,10905.1,10910.4,-125.4,4,39,9,0,1,0,1,1
11244.2,11170.45525,73.74475,11244.2,11213.7,133.1,1,31,7,1,0,0,1,0
14651.5,14610.568,40.932,14651.5,14668.35,-64.85,3,18,5,0,1,0,1,1
24383.8,24410.05175,-26.25175,24383.8,24371.45,21.15,2,44,10,1,0,1,0,1
11712.9,11754.17625,-41.27625,11712.9,11748.75,9.65,1,18,4,0,1,1,0,0
14489.65,14452.23375,37.41625,14489.65,14473.8,-100.95,1,2,1,1,0,0,1,0
8942.75,8942.35775,0.39225,8942.75,8943.7,47.25,0,9,2,0,1,0,1,1
11592,11644.80625,-52.80625,11592,11646.15,71.75,4,43,10,0,1,0,1,1
17990,17986.641,3.359,17990,18008.05,142.2,4,1,1,0,1,0,1,1
8381.75,8391.22575,-9.47575,8381.75,8399.4,59.55,2,26,6,0,1,0,1,1
11734.75,11742.41675,-7.66675,11734.75,11731.95,-11.8,1,35,8,1,0,1,0,1
10110.05,10098.72775,11.32225,10110.05,10107.4,20.4,3,37,9,1,0,0,1,0
8150.3,8156.41575,-6.11575,8150.3,8177,58.3,3,44,10,0,1,0,1,1
11677.55,11681.155,-3.605,11677.55,11694.75,15.2,3,35,8,0,1,0,1,1
7022.2,7048.44875,-26.24875,7022.2,7039.3,3.35,4,8,2,0,1,1,0,0
11020.65,11020.24625,0.40375,11020.65,11023.5,90.9,4,6,2,0,1,0,1,1
11123.65,11122.13375,1.51625,11123.65,11109,-24.15,1,30,7,1,0,1,0,1
16957.95,17026.5115,-68.5615,16957.95,17066.6,63.15,0,12,3,0,1,0,1,1
8943.85,8917.76725,26.08275,8943.85,8929.4,-8.35,3,10,3,1,0,0,1,0
22718.25,22619.976,98.274,22718.25,22677.4,158,4,15,4,1,0,0,1,0
23609.7,23580.65475,29.04525,23609.7,23661.15,208,4,25,6,0,1,0,1,1
9911.65,9904.9115,6.7385,9911.65,9908.15,-5.5,0,29,7,1,0,0,1,0
7958.15,7980.94375,-22.79375,7958.15,7976.65,52.4,2,49,12,0,1,1,0,0
10583.5,10547.47825,36.02175,10583.5,10552,31.6,1,45,11,1,0,0,1,0
18101.85,18148.4975,-46.6475,18101.85,18131.7,-75.4,0,1,1,0,1,1,0,0
19326.25,19282.01625,44.23375,19326.25,19301.75,20.25,4,33,8,1,0,0,1,0
17946,17910.19025,35.80975,17946,17922.8,-134,1,3,1,1,0,0,1,0
9615.85,9638.88125,-23.03125,9615.85,9643.25,67.1,4,25,6,0,1,0,1,1
17431.3,17507.1985,-75.8985,17431.3,17524.4,21.75,3,49,12,0,1,0,1,1
8511.55,8487.52325,24.02675,8511.55,8499.45,-98.05,2,4,1,1,0,0,1,0
22275.9,22223.1015,52.7985,22275.9,22255.6,45.2,2,20,5,1,0,0,1,0
18362.45,18361.901,0.549,18362.45,18368.35,-123.55,4,21,5,0,1,0,1,1
11011.85,10950.17075,61.67925,11011.85,10994.85,1.75,0,38,9,1,0,0,1,0
10324.4,10307.763,16.637,10324.4,10324.55,49.8,4,46,11,0,1,0,1,1
8827.75,8848.179,-20.429,8827.75,8844.75,109.25,2,16,4,0,1,1,0,0
17826.8,17875.2615,-48.4615,17826.8,17906.45,173,1,39,9,0,1,0,1,1
17189.45,17117.9735,71.4765,17189.45,17166.45,192.6,2,11,3,1,0,0,1,0
24622.5,24577.956,44.544,24622.5,24615.9,14.8,1,29,7,1,0,0,1,0
7798.75,7842.0345,-43.2845,7798.75,7857.8,130.15,2,36,9,0,1,0,1,1
9306,9315.871,-9.871,9306,9311.45,0.7,0,19,5,0,1,1,0,0
17963.1,17927.77575,35.32425,17963.1,17966.55,239.6,4,33,8,0,1,0,1,1
10965.7,10964.271,1.429,10965.7,10982.7,132.25,2,40,10,0,1,0,1,1
19326.2,19283.41175,42.78825,19326.2,19297.4,53.1,4,34,8,1,0,0,1,0
15684.9,15752.89175,-67.99175,15684.9,15761.55,46.9,2,30,7,0,1,0,1,1
10909.05,10885.66075,23.38925,10909.05,10920.85,30.75,3,3,1,0,1,0,1,1
24677.5,24585.6725,91.8275,24677.5,24680.55,-101.35,2,34,8,0,1,0,1,1
10159.65,10116.9485,42.7015,10159.65,10119,-135.05,4,25,6,1,0,0,1,0
11266.05,11180.5755,85.4745,11266.05,11218.6,-67.15,2,37,9,1,0,0,1,0
17227.3,17147.751,79.549,17227.3,17183.45,-2.35,0,16,4,1,0,0,1,0
10315,10276.79975,38.20025,10315,10301.6,-121.95,0,11,3,1,0,0,1,0
7639.5,7618.072,21.428,7639.5,7619.2,-84.35,0,12,3,1,0,0,1,0
12278.3,12268.806,9.494,12278.3,12269.25,57.25,1,52,12,1,0,0,1,0
17973.6,17956.367,17.233,17973.6,17970.9,81.75,1,44,11,1,0,0,1,0
15807.9,15760.5925,47.3075,15807.9,15796.45,-8.65,4,23,6,1,0,0,1,0
12185.75,12203.77225,-18.02225,12185.75,12197,-30.45,2,51,12,0,1,1,0,0
11854.45,11870.34,-15.89,11854.45,11839.9,-24.65,0,27,7,1,0,1,0,1
10725.6,10737.3715,-11.7715,10725.6,10731.25,-39.1,0,47,11,0,1,1,0,0
11382.15,11371.0985,11.0515,11382.15,11382.5,35.7,3,11,3,0,1,0,1,1
11477.8,11477.24475,0.55525,11477.8,11493.25,22.15,3,32,8,0,1,0,1,1
8588,8577.883,10.117,8588,8594,7.55,4,41,10,0,1,0,1,1
16539.5,16552.42575,-12.92575,16539.5,16561.4,-54.35,1,34,8,0,1,0,1,1
8199.05,8198.1665,0.8835,8199.05,8202.25,-67.2,3,25,6,0,1,0,1,1
11100.85,11105.7615,-4.9115,11100.85,11106.55,-9,1,35,8,0,1,0,1,1
17660.55,17565.475,95.075,17660.55,17609.65,-26.3,3,38,9,1,0,0,1,0
7902.6,7898.752,3.848,7902.6,7894.8,29.95,0,17,4,1,0,1,0,1
10291.75,10268.42675,23.32325,10291.75,10287.2,-9.85,0,47,11,1,0,0,1,0
18150.8,18166.941,-16.141,18150.8,18170.4,-27.2,2,2,1,0,1,0,1,1
17959.05,17914.847,44.203,17959.05,17915.8,-89.55,1,41,10,1,0,0,1,0
10501.65,10503.61525,-1.96525,10501.65,10512.3,-13.3,1,52,12,0,1,0,1,1
9810,9841.25225,-31.25225,9810,9825.85,-74.8,2,33,8,0,1,1,0,0
8652.05,8655.68225,-3.63225,8652.05,8643.95,57.15,3,30,7,1,0,1,0,1
10183.05,10142.26075,40.78925,10183.05,10167.5,60.85,3,12,3,1,0,0,1,0
10999,11003.81125,-4.81125,10999,11018.95,78.25,0,29,7,0,1,0,1,1
8557.95,8570.1855,-12.2355,8557.95,8568.9,51.9,2,13,3,0,1,1,0,0
7569.4,7554.619,14.781,7569.4,7557.4,67.8,3,11,3,1,0,0,1,0
16313.8,16277.7245,36.0755,16313.8,16248.9,41.15,1,19,5,1,0,1,0,1
11406.3,11404.21325,2.08675,11406.3,11409.65,31.25,4,34,8,0,1,0,1,1
16157.9,16230.78275,-72.88275,16157.9,16227.7,-80.7,0,19,5,0,1,1,0,0
10385.25,10395.4305,-10.1805,10385.25,10387.9,24.1,1,48,11,0,1,1,0,0
18571.3,18536.13575,35.16425,18571.3,18570.85,-43.55,3,49,12,1,0,0,1,0
18169.6,18099.1895,70.4105,18169.6,18117.3,47.35,4,18,5,1,0,0,1,0
11661.9,11683.0215,-21.1215,11661.9,11675.6,74.75,3,29,7,0,1,1,0,0
17783.1,17737.99325,45.10675,17783.1,17796.8,246.7,4,37,9,0,1,0,1,1
21715.5,21739.35225,-23.85225,21715.5,21780.65,90.35,3,5,2,0,1,0,1,1
18623.2,18534.1195,89.0805,18623.2,18552.45,-51.15,1,48,11,1,0,0,1,0
14185.85,14232.049,-46.199,14185.85,14237.95,273.7,2,4,1,0,1,0,1,1
10442.25,10403.95775,38.29225,10442.25,10431.75,-4.05,0,45,11,1,0,0,1,0
15502.5,15465.3905,37.1095,15502.5,15520.35,-69.65,2,22,6,0,1,0,1,1
22641.75,22577.07425,64.67575,22641.75,22617.45,60.35,3,22,5,1,0,0,1,0
7994.2,7990.47375,3.72625,7994.2,8006.5,-103.65,4,47,11,0,1,0,1,1
21664.55,21699.3025,-34.7525,21664.55,21653.6,101.65,1,2,1,1,0,1,0,1
11665.7,11688.32125,-22.62125,11665.7,11670.75,-15.5,2,29,7,0,1,1,0,0
22328.05,22368.47925,-40.42925,22328.05,22339.05,61.6,0,16,4,0,1,1,0,0
17854.3,17805.5965,48.7035,17854.3,17842.75,43.45,2,14,4,1,0,0,1,0
11913.5,11917.183,-3.683,11913.5,11919.45,-36.2,1,47,11,0,1,0,1,1
14680.8,14717.79575,-36.99575,14680.8,14702.5,-81.65,0,9,3,0,1,1,0,0
17414.5,17498.90775,-84.40775,17414.5,17468.15,-3.45,2,13,3,0,1,1,0,0
8380.05,8393.9845,-13.9345,8380.05,8396,47.95,4,13,3,0,1,0,1,1
12161.2,12183.1885,-21.9885,12161.2,12153.15,-61.3,3,2,1,1,0,1,0,1
8546.6,8458.2925,88.3075,8546.6,8478.1,-100.75,1,7,2,1,0,0,1,0
9424.25,9507.264,-83.014,9424.25,9587.8,387.75,0,12,3,0,1,0,1,1
8611.05,8598.679,12.371,8611.05,8628.35,-10.95,1,34,8,0,1,0,1,1
12251.25,12257.01925,-5.76925,12251.25,12261.1,38.9,4,1,1,0,1,0,1,1
17191.45,17302.31725,-110.86725,17191.45,17289,111.05,4,12,3,0,1,1,0,0
9048.45,9094.93275,-46.48275,9048.45,9082.2,-235.2,2,22,5,0,1,1,0,0
17614.1,17735.025,-120.925,17614.1,17731.45,48.9,1,5,1,0,1,1,0,0
11666.95,11643.78375,23.16625,11666.95,11667,-20.65,0,16,4,0,1,0,1,1
15208.65,15271.6255,-62.9755,15208.65,15272.65,-58.1,4,24,6,0,1,0,1,1
25217.1,25252.655,-35.555,25217.1,25250.5,105.7,3,36,9,0,1,1,0,0
17526.85,17546.58525,-19.73525,17526.85,17566.1,42.35,2,32,8,0,1,0,1,1
19789.2,19777.9925,11.2075,19789.2,19784,-26.6,2,47,11,1,0,0,1,0
10480.4,10486.46025,-6.06025,10480.4,10488.95,1,2,9,2,0,1,0,1,1
24449.3,24427.218,22.082,24449.3,24444.95,3.05,2,30,7,1,0,0,1,0
7691.45,7714.5755,-23.1255,7691.45,7717.65,-16.6,4,18,5,0,1,0,1,1
7859.3,7911.17925,-51.87925,7859.3,7908.1,0.3,0,16,4,0,1,1,0,0
8736.65,8757.03825,-20.38825,8736.65,8739,-38.8,3,7,2,0,1,1,0,0
17890,17903.5815,-13.5815,17890,17913.3,-92.15,0,2,1,0,1,0,1,1
17560.2,17536.116,24.084,17560.2,17568.15,49.3,2,42,10,0,1,0,1,1
17309.8,17389.89325,-80.09325,17309.8,17363.55,12.85,0,37,9,0,1,1,0,0
8447,8468.68725,-21.68725,8447,8470.6,28.2,1,29,7,0,1,0,1,1
10236.95,10202.1775,34.7725,10236.95,10207.4,-25.65,0,42,10,1,0,0,1,0
10506.9,10503.841,3.059,10506.9,10498.2,31.2,3,52,12,1,0,1,0,1
10527.55,10495.22975,32.32025,10527.55,10523.35,46.05,0,50,12,1,0,0,1,0
15907.95,16014.56675,-106.61675,15907.95,16021.1,194.65,3,19,5,0,1,0,1,1
8582.45,8579.56825,2.88175,8582.45,8581.5,-39.45,4,39,9,1,0,0,1,0
13465.4,13472.8025,-7.4025,13465.4,13458.1,-74.45,2,50,12,1,0,1,0,1
8308.55,8300.74775,7.80225,8308.55,8308.25,11.4,4,43,10,1,0,0,1,0
10863.5,10825.46975,38.03025,10863.5,10812.6,8.55,1,20,5,1,0,1,0,1
8256.1,8258.34725,-2.24725,8256.1,8262.55,-9,0,43,10,0,1,0,1,1
8621.2,8570.83325,50.36675,8621.2,8600.2,-79.1,4,31,8,1,0,0,1,0
17991.15,17957.84725,33.30275,17991.15,17974.85,32.25,4,7,2,1,0,0,1,0
17336.85,17381.62,-44.77,17336.85,17375.75,5.05,2,36,9,0,1,1,0,0
16780.35,16671.84675,108.50325,16780.35,16761.65,178.05,4,22,6,1,0,0,1,0
22409.45,22389.50525,19.94475,22409.45,22421.55,9.35,2,17,4,0,1,0,1,1
18854.65,18881.75775,-27.10775,18854.65,18873.3,119.1,0,25,6,0,1,1,0,0
25055.45,25041.26,14.19,25055.45,25065.8,46.25,2,41,10,0,1,0,1,1
12104.3,12095.83875,8.46125,12104.3,12131.35,70.85,0,51,12,0,1,0,1,1
7440.9,7461.7905,-20.8905,7440.9,7425.3,74.15,0,3,1,1,0,1,0,1
10358.5,10389.6205,-31.1205,10358.5,10390.3,98.5,1,41,10,0,1,0,1,1
18174.05,18241.0945,-67.0445,18174.05,18246.4,88.45,0,47,11,0,1,0,1,1
7851,7840.23875,10.76125,7851,7837.15,-55.4,3,48,11,1,0,1,0,1
8413,8441.97725,-28.97725,8413,8413.2,-15.85,3,31,7,0,1,1,0,0
9686.75,9691.51425,-4.76425,9686.75,9704.25,67.35,1,23,6,0,1,0,1,1
10158.45,10139.54,18.91,10158.45,10139.6,16,3,38,9,1,0,0,1,0
8481.75,8454.81575,26.93425,8481.75,8474.95,92.65,3,13,3,1,0,0,1,0
8387.3,8398.49425,-11.19425,8387.3,8391.7,-109.65,0,14,3,0,1,1,0,0
12136.65,12129.4085,7.2415,12136.65,12114.9,-17.1,2,5,1,1,0,1,0,1
10380.4,10390.16425,-9.76425,10380.4,10376.65,26,2,48,11,1,0,1,0,1
8356.15,8338.861,17.289,8356.15,8336.25,-78.8,3,26,6,1,0,1,0,1
17020.75,17065.14125,-44.39125,17020.75,17076.2,143.6,4,12,3,0,1,0,1,1
9977.5,9998.6075,-21.1075,9977.5,10010.55,45.75,1,30,7,0,1,0,1,1
10521.55,10554.69125,-33.14125,10521.55,10557.3,9.75,1,16,4,0,1,0,1,1
8226.2,8215.484,10.716,8226.2,8228.75,23.3,0,23,6,0,1,0,1,1
10384.05,10417.23975,-33.18975,10384.05,10426,30.85,2,8,2,0,1,0,1,1
11010.25,10938.54875,71.70125,11010.25,10965.1,-103.35,2,6,2,1,0,0,1,0
11074.5,11038.5485,35.9515,11074.5,11060.2,68.9,3,31,8,1,0,0,1,0
25850,25908.7715,-58.7715,25850,25788.45,-24.1,1,40,10,1,0,1,0,1
8790.75,8792.736,-1.986,8790.75,8790.8,175.15,3,39,9,0,1,1,0,0
16005.4,16010.40175,-5.00175,16005.4,16018.85,70.9,3,28,7,0,1,0,1,1
8756.9,8791.46225,-34.56225,8756.9,8779,84.35,3,9,2,0,1,1,0,0
17808.9,17813.39525,-4.49525,17808.9,17807.3,-20.85,3,15,4,1,0,1,0,1
10082.15,10076.156,5.994,10082.15,10051.55,-86.65,1,12,3,1,0,1,0,1
10764.4,10745.57475,18.82525,10764.4,10775.6,98,3,20,5,0,1,0,1,1
18252.3,18257.83675,-5.53675,18252.3,18259.1,142.05,4,52,12,0,1,0,1,1
15943.55,15896.926,46.624,15943.55,15917.4,88.95,3,20,5,1,0,0,1,0
25130.5,25145.06625,-14.56625,25130.5,25181.9,132.8,4,40,10,0,1,0,1,1
8846.75,8871.89025,-25.14025,8846.75,8883.7,66.75,4,7,2,0,1,0,1,1
22313.15,22298.8625,14.2875,22313.15,22319.2,-73.15,3,20,5,0,1,0,1,1
17125.6,17188.61175,-63.01175,17125.6,17189.5,-41.85,3,17,4,0,1,0,1,1
8932.65,8905.7145,26.9355,8932.65,8915.1,-47.5,0,10,3,1,0,0,1,0
17915.25,17880.55325,34.69675,17915.25,17890.85,-40.75,0,37,9,1,0,0,1,0
19820.9,19827.69575,-6.79575,19820.9,19840.55,91.7,3,38,9,0,1,0,1,1
10971.3,10978.35625,-7.05625,10971.3,11011,189.65,3,39,9,0,1,0,1,1
18676.9,18730.894,-53.994,18676.9,18741.85,73.3,4,25,6,0,1,0,1,1
8535.05,8527.82075,7.22925,8535.05,8519.95,-110.45,0,30,7,1,0,1,0,1
23132.95,23340.587,-207.637,23132.95,23337.9,31.95,0,23,6,0,1,1,0,0
16549.8,16576.76025,-26.96025,16549.8,16592.25,103.95,0,34,8,0,1,0,1,1
10915,10889.085,25.915,10915,10919.35,-30.05,0,4,1,0,1,0,1,1
8809.75,8782.35475,27.39525,8809.75,8780.85,0.05,4,37,9,1,0,1,0,1
17472,17542.478,-70.478,17472,17575.15,462.7,0,4,1,0,1,0,1,1
12096.9,12181.30725,-84.40725,12096.9,12170.6,182.5,0,2,1,0,1,1,0,0
19523.75,19560.3665,-36.6165,19523.75,19578.8,-52.15,2,32,8,0,1,0,1,1
12006.7,11982.9305,23.7695,12006.7,12005.85,-86.1,2,6,2,1,0,0,1,0
19602.45,19573.58725,28.86275,19602.45,19627.2,56.4,1,32,8,0,1,0,1,1
17184.2,17121.90875,62.29125,17184.2,17160.55,91.9,1,11,3,1,0,0,1,0
9180.15,9200.64,-20.49,9180.15,9202.5,55.2,3,15,4,0,1,0,1,1
24262.5,24324.305,-61.805,24262.5,24328.85,-125.15,1,44,10,0,1,0,1,1
12088.9,12104.86025,-15.96025,12088.9,12131.8,81.65,0,8,2,0,1,0,1,1
17392.3,17383.8745,8.4255,17392.3,17408.45,115.4,2,7,2,0,1,0,1,1
22921.5,22788.73075,132.76925,22921.5,22821.85,-448.2,4,23,6,1,0,0,1,0
17579.5,17563.47375,16.02625,17579.5,17584.85,64.9,1,15,4,0,1,0,1,1
15668.7,15697.27475,-28.57475,15668.7,15674.25,-67.7,1,24,6,0,1,1,0,0
23399.65,23340.302,59.348,23399.65,23319.15,84.7,0,24,6,1,0,1,0,1
24926.85,24874.6915,52.1585,24926.85,24886.7,-92.6,2,31,7,1,0,0,1,0
10602.75,10568.772,33.978,10602.75,10578.1,-42.25,1,17,4,1,0,0,1,0
7640.8,7648.2095,-7.4095,7640.8,7659.4,-33.2,1,51,12,0,1,0,1,1
21028.2,21070.03425,-41.83425,21028.2,21033.95,-249.05,3,51,12,0,1,1,0,0
8853.3,8844.08925,9.21075,8853.3,8856.85,114.05,0,9,2,0,1,0,1,1
12802.75,12795.89375,6.85625,12802.75,12823.35,55.8,5,46,11,0,1,0,1,1
8428.45,8436.01175,-7.56175,8428.45,8434.5,15.45,3,21,5,0,1,1,0,0
9912.7,9899.94675,12.75325,9912.7,9919.35,101.3,0,25,6,0,1,0,1,1
8305.75,8269.5545,36.1955,8305.75,8284.95,-91.25,0,21,5,1,0,0,1,0
21654.65,21664.58025,-9.93025,21654.65,21615.2,-23,4,3,1,1,0,1,0,1
19434.6,19398.4225,36.1775,19434.6,19449.6,13.15,2,45,11,0,1,0,1,1
17822.1,17842.63375,-20.53375,17822.1,17820.1,-87.6,2,1,1,1,0,1,0,1
8741.55,8744.3165,-2.7665,8741.55,8745.85,-16.35,3,4,1,0,1,0,1,1
15712.6,15705.1625,7.4375,15712.6,15712.5,41.85,4,22,6,1,0,0,1,0
14727.6,14792.72425,-65.12425,14727.6,14811.85,118.8,2,13,3,0,1,0,1,1
11653.05,11640.53775,12.51225,11653.05,11633.3,-37.4,3,44,10,1,0,1,0,1
8283.55,8261.66325,21.88675,8283.55,8262.7,-27.6,1,2,1,1,0,0,1,0
10184.3,10198.26975,-13.96975,10184.3,10215.35,121.4,0,12,3,0,1,0,1,1
26230.6,25946.68075,283.91925,26230.6,26248.25,73.25,4,39,9,0,1,0,1,1
11517.1,11475.09825,42.00175,11517.1,11469.85,-110.15,3,39,9,1,0,1,0,1
8205.1,8174.75475,30.34525,8205.1,8209.85,49.3,1,22,5,0,1,0,1,1
7964.25,7976.65825,-12.40825,7964.25,7974.45,-103.5,3,21,5,0,1,1,0,0
19565.35,19563.709,1.641,19565.35,19581.2,-57,4,39,9,0,1,0,1,1
9408.75,9445.29825,-36.54825,9408.75,9445.05,65.65,1,21,5,0,1,1,0,0
11504.5,11552.0925,-47.5925,11504.5,11558.25,-27.8,4,36,9,0,1,0,1,1
17559.55,17522.1035,37.4465,17559.55,17539.2,-88.35,3,37,9,1,0,0,1,0
21546.15,21467.343,78.807,21546.15,21433.1,-311.7,0,5,1,1,0,1,0,1
7023,7070.29725,-47.29725,7023,7050.45,51.9,0,9,2,0,1,1,0,0
15266.3,15285.37625,-19.07625,15266.3,15279.9,83.65,2,7,2,0,1,1,0,0
10621.45,10636.1,-14.65,10621.45,10637.05,-13.35,3,2,1,0,1,0,1,1
16824.6,16875.03325,-50.43325,16824.6,16854.75,185.55,3,18,5,0,1,1,0,0
11217.3,11252.2225,-34.9225,11217.3,11248.9,-10.75,0,34,8,0,1,1,0,0
10363.1,10366.17875,-3.07875,10363.1,10361.05,-43.6,0,48,11,1,0,1,0,1
24755.65,24871.3395,-115.6895,24755.65,24823.4,-118.85,0,37,9,0,1,1,0,0
12200.85,12209.87875,-9.02875,12200.85,12218.35,110.2,2,4,1,0,1,0,1,1
8600.65,8569.7675,30.8825,8600.65,8601.5,69.6,1,30,7,0,1,0,1,1
10158.05,10174.56275,-16.51275,10158.05,10152.9,-78.55,3,46,11,1,0,1,0,1
11577.5,11592.8575,-15.3575,11577.5,11596.2,-18.3,2,43,10,0,1,0,1,1
8270.4,8247.94375,22.45625,8270.4,8281.3,27.7,1,43,10,0,1,0,1,1
7499.5,7463.97625,35.52375,7499.5,7486.4,4.4,1,10,3,1,0,0,1,0
22339.6,22290.26375,49.33625,22339.6,22316.9,-242.35,3,17,4,1,0,0,1,0
9875.35,9865.169,10.181,9875.35,9876.7,-0.15,2,25,6,0,1,0,1,1
7742.6,7727.06725,15.53275,7742.6,7727.65,-20.5,3,13,3,1,0,0,1,0
11528.8,11522.84825,5.95175,11528.8,11515.4,148.05,1,40,10,1,0,1,0,1
9971.9,9963.44625,8.45375,9971.9,9968.8,-18,4,12,3,1,0,0,1,0
10789.15,10784.94575,4.20425,10789.15,10808.45,66.5,3,25,6,0,1,0,1,1
7902.2,7906.58075,-4.38075,7902.2,7897.65,-42.1,3,53,12,1,0,1,0,1
24186.05,24189.86075,-3.81075,24186.05,24213.35,-103.4,4,27,7,0,1,0,1,1
25939.15,25911.64675,27.50325,25939.15,25899.45,-114.05,2,39,9,1,0,1,0,1
11400.55,11402.56275,-2.01275,11400.55,11397.15,5.95,3,33,8,1,0,1,0,1
14827.75,14749.8735,77.8765,14827.75,14789.7,-55.8,1,19,5,1,0,0,1,0
10471.65,10503.528,-31.878,10471.65,10494.4,51.2,2,51,12,0,1,1,0,0
7909.8,7907.53675,2.26325,7909.8,7901.15,35.65,3,49,12,1,0,1,0,1
12007.15,11979.50425,27.64575,12007.15,12021.1,5,3,45,11,0,1,0,1,1
11639.1,11584.8175,54.2825,11639.1,11590.7,2.4,1,39,9,1,0,0,1,0
12099.65,12072.93775,26.71225,12099.65,12068.5,-43.7,2,48,11,1,0,1,0,1
9864.65,9869.2335,-4.5835,9864.65,9884.35,-40.15,2,40,10,0,1,0,1,1
10257.5,10310.08175,-52.58175,10257.5,10321.15,27.4,2,43,10,0,1,0,1,1
8985.6,9058.6165,-73.0165,8985.6,9088.45,549.15,2,12,3,0,1,0,1,1
17513.65,17535.008,-21.358,17513.65,17529.45,-75.2,1,5,2,0,1,1,0,0
15966.85,15887.28375,79.56625,15966.85,15912.6,-370,1,20,5,1,0,0,1,0
7441.75,7454.247,-12.497,7441.75,7426.5,-0.1,3,4,1,1,0,1,0,1
10594.15,10612.56625,-18.41625,10594.15,10603.45,-84.4,2,23,6,0,1,1,0,0
7533.3,7532.23075,1.06925,7533.3,7542.05,-16.25,4,14,4,0,1,0,1,1
11434.15,11408.28825,25.86175,11434.15,11412,-60.9,0,35,8,1,0,0,1,0
15717.4,15696.464,20.936,15717.4,15701.7,-81.65,2,26,6,1,0,0,1,0
8554.45,8545.14675,9.30325,8554.45,8546.8,24.3,3,45,11,1,0,0,1,0
21898.75,21932.55975,-33.80975,21898.75,21932.2,-148.6,4,12,3,0,1,1,0,0
8712.4,8684.453,27.947,8712.4,8696.85,30.85,4,6,2,1,0,0,1,0
15576.8,15475.32825,101.47175,15576.8,15525.85,-222.75,0,25,6,1,0,0,1,0
8957.3,8944.328,12.972,8957.3,8953.7,16.85,4,10,3,1,0,0,1,0
8300.8,8270.493,30.307,8300.8,8283,34.8,4,1,1,1,0,0,1,0
8283.35,8273.03,10.32,8283.35,8302.75,-34.35,2,22,5,0,1,0,1,1
9099.4,9079.143,20.257,9099.4,9104,3.6,4,12,3,0,1,0,1,1
12205.1,12202.05275,3.04725,12205.1,12211.85,80.95,3,52,12,0,1,0,1,1
10719.95,10702.172,17.778,10719.95,10740.1,92.55,1,47,11,0,1,0,1,1
22006.45,22083.2765,-76.8265,22006.45,22081.55,-135.35,3,8,2,0,1,1,0,0
24265.05,24250.192,14.858,24265.05,24289.4,-25.85,2,32,8,0,1,0,1,1
25104.7,25122.71925,-18.01925,25104.7,25089.95,-116.4,2,36,9,1,0,1,0,1
17722.5,17686.0725,36.4275,17722.5,17695.7,44.1,1,36,9,1,0,0,1,0
17462.35,17433.7035,28.6465,17462.35,17387.15,-248.2,0,1,1,1,0,1,0,1
20976,20916.787,59.213,20976,20965.3,-27.5,0,50,12,1,0,0,1,0
19570.75,19581.32275,-10.57275,19570.75,19612.15,-106.95,0,29,7,0,1,0,1,1
10064.6,10086.4515,-21.8515,10064.6,10094.1,183.95,3,24,6,0,1,0,1,1
17803.6,17851.4995,-47.8995,17803.6,17867.5,-83,4,2,1,0,1,0,1,1
10540.85,10542.334,-1.484,10540.85,10534.25,-27.1,4,1,1,1,0,1,0,1
10400.8,10276.38625,124.41375,10400.8,10295.15,-225.2,1,6,2,1,0,0,1,0
22716.9,22731.7255,-14.8255,22716.9,22720.25,-14.8,2,15,4,0,1,1,0,0
11923.2,11926.08425,-2.88425,11923.2,11950.5,89.25,1,50,12,0,1,0,1,1
8262.55,8256.82325,5.72675,8262.55,8271.7,16.35,4,49,12,0,1,0,1,1
17416.1,17475.37275,-59.27275,17416.1,17451,105.45,4,6,2,0,1,1,0,0
8851.75,8806.3865,45.3635,8851.75,8827.95,4.4,4,4,1,1,0,0,1,0
8476.6,8411.62475,64.97525,8476.6,8451,-202.5,3,13,3,1,0,0,1,0
8154.7,8169.8715,-15.1715,8154.7,8172.15,-42.45,2,48,11,0,1,0,1,1
11462.75,11472.908,-10.158,11462.75,11466.3,-116,3,42,10,0,1,1,0,0
10417.7,10427.29875,-9.59875,10417.7,10408.1,-84.45,4,8,2,1,0,1,0,1
8737.95,8749.235,-11.285,8737.95,8729.5,-121.15,4,9,2,1,0,1,0,1
8758.25,8764.70425,-6.45425,8758.25,8768.7,56.3,3,40,10,0,1,0,1,1
18246.3,18253.0125,-6.7125,18246.3,18257,-1.55,3,2,1,0,1,0,1,1
8572,8549.89175,22.10825,8572,8564.05,66.7,0,29,7,1,0,0,1,0
21851.2,21871.43425,-20.23425,21851.2,21861.5,-288.2,4,16,4,0,1,1,0,0
14669.05,14710.54475,-41.49475,14669.05,14687.25,180.4,1,18,5,0,1,1,0,0
17383.3,17416.62725,-33.32725,17383.3,17417.3,-129.7,3,47,11,0,1,0,1,1
8716.75,8748.2925,-31.5425,8716.75,8742.9,62,2,12,3,0,1,1,0,0
17415.6,17407.04375,8.55625,17415.6,17387.65,-130.65,2,37,9,1,0,1,0,1
17365.35,17389.81825,-24.46825,17365.35,17396.55,116.4,3,7,2,0,1,0,1,1
13860.6,13809.4075,51.1925,13860.6,13815.15,-65.85,0,53,12,1,0,0,1,0
11562.9,11580.9075,-18.0075,11562.9,11598.75,75.6,1,36,9,0,1,0,1,1
22180.05,22182.4995,-2.4495,22180.05,22169.2,52.05,0,9,2,1,0,1,0,1
21563.8,21603.3795,-39.5795,21563.8,21578.15,-270.55,2,7,2,0,1,1,0,0
16816.6,16716.936,99.664,16816.6,16775.85,-162.85,0,35,8,1,0,0,1,0
7574.95,7527.14925,47.80075,7574.95,7542.6,13,0,11,3,1,0,0,1,0
8397,8401.153,-4.153,8397,8402.35,-116.55,4,33,8,0,1,0,1,1
8401.05,8410.815,-9.765,8401.05,8391.05,-18.1,3,2,1,1,0,1,0,1
17418,17413.976,4.024,17418,17420.35,38.35,1,37,9,0,1,0,1,1
16536.5,16531.48425,5.01575,16536.5,16518.4,-28.65,0,33,8,1,0,1,0,1
15899.35,15834.3345,65.0155,15899.35,15818.2,-189.65,2,27,7,1,0,1,0,1
11157.9,11160.2215,-2.3215,11157.9,11149.95,-48,4,30,7,1,0,1,0,1
8815.75,8840.274,-24.524,8815.75,8844.05,182.95,4,11,3,0,1,0,1,1
22327.65,22283.4405,44.2095,22327.65,22327.5,-152.55,2,10,3,1,0,0,1,0
7171.9,7148.26725,23.63275,7171.9,7170.55,-31.45,4,7,2,1,0,0,1,0
10979.15,10976.29575,2.85425,10979.15,10996.05,34.65,3,35,8,0,1,0,1,1
11736.3,11860.50175,-124.20175,11736.3,11807.1,-80.7,1,44,10,0,1,1,0,0
11329.8,11310.7275,19.0725,11329.8,11322.45,54.15,2,30,7,1,0,0,1,0
7755.15,7780.8915,-25.7415,7755.15,7762.45,1.35,4,46,11,0,1,1,0,0
10637.2,10660.53175,-23.33175,10637.2,10652.05,26.65,2,2,1,0,1,1,0,0
8145.8,8161.07375,-15.27375,8145.8,8180.45,31.9,1,41,10,0,1,0,1,1
17454.95,17442.64,12.31,17454.95,17414.95,-329.25,1,35,8,1,0,1,0,1
19676.25,19741.13325,-64.88325,19676.25,19729.35,50.5,1,30,7,0,1,1,0,0
9234.6,9270.57625,-35.97625,9234.6,9264.4,7.5,2,14,4,0,1,1,0,0
17868.7,17736.501,132.199,17868.7,17861.5,235.05,2,40,10,1,0,0,1,0
15786.2,15792.1045,-5.9045,15786.2,15800.6,26.95,4,30,7,0,1,0,1,1
10749.7,10737.14625,12.55375,10749.7,10761.5,50.35,1,3,1,0,1,0,1,1
17783.25,17749.116,34.134,17783.25,17811.6,206.2,2,5,2,0,1,0,1,1
8430.7,8432.98475,-2.28475,8430.7,8417.25,-5.3,0,23,6,1,0,1,0,1
11608.35,11610.804,-2.454,11608.35,11609.3,37.8,3,35,8,0,1,1,0,0
17635.05,17653.453,-18.403,17635.05,17634.9,21.85,0,15,4,1,0,1,0,1
8139.9,8128.6335,11.2665,8139.9,8121.7,-6.45,1,42,10,1,0,1,0,1
17377.7,17313.89025,63.80975,17377.7,17315.25,-152.6,2,49,12,1,0,0,1,0
8196.05,8172.04825,24.00175,8196.05,8166.5,-5.5,0,22,5,1,0,1,0,1
17322.15,17306.7365,15.4135,17322.15,17310.15,15.3,1,31,8,1,0,0,1,0
7747.8,7747.0185,0.7815,7747.8,7738.5,48.2,1,50,12,1,0,1,0,1
12214.15,12212.78225,1.36775,12214.15,12223.4,-36.4,3,51,12,0,1,0,1,1
22233.65,22242.47225,-8.82225,22233.65,22224.8,256.65,3,19,5,1,0,1,0,1
8530.05,8536.978,-6.928,8530.05,8540.45,35.7,2,28,7,0,1,0,1,1
23983.7,23985.645,-1.945,23983.7,23916.5,-281.65,1,45,11,1,0,1,0,1
8787.55,8794.936,-7.386,8787.55,8815,40.95,1,38,9,0,1,0,1,1
8632.7,8569.23925,63.46075,8632.7,8599.4,-9.95,2,30,7,1,0,0,1,0
10090.45,10091.78925,-1.33925,10090.45,10054.25,23.5,3,23,6,1,0,1,0,1
11183.05,11133.8515,49.1985,11183.05,11155.75,35.85,2,32,8,1,0,0,1,0
11144.3,11154.43475,-10.13475,11144.3,11152.95,-166.65,2,41,10,0,1,1,0,0
8421.9,8431.93525,-10.03525,8421.9,8446.7,92.75,2,33,8,0,1,0,1,1
10566.4,10608.729,-42.329,10566.4,10607.2,147.7,2,6,2,0,1,1,0,0
19487.8,19497.30225,-9.50225,19487.8,19495.2,52,3,28,7,0,1,1,0,0
11120.05,11117.901,2.149,11120.05,11139.5,49.35,4,31,7,0,1,0,1,1
16317.45,16260.58525,56.86475,16317.45,16274.8,6.5,1,32,8,1,0,0,1,0
18068.55,18096.6125,-28.0625,18068.55,18113.8,31.1,2,18,5,0,1,0,1,1
12117.2,12170.54575,-53.34575,12117.2,12151.15,64.55,4,6,2,0,1,1,0,0
17746.2,17837.394,-91.194,17746.2,17783.15,-162.1,0,44,11,0,1,1,0,0
17344.45,17457.61475,-113.16475,17344.45,17427.95,28.25,0,14,4,0,1,1,0,0
11038.05,11020.55775,17.49225,11038.05,11038.85,2.25,4,10,3,0,1,0,1,1
12868.35,12898.3505,-30.0005,12868.35,12932.5,53.6,1,47,11,0,1,0,1,1
15901.9,15908.38725,-6.48725,15901.9,15926.2,90.1,0,26,6,0,1,0,1,1
10840.15,10875.746,-35.596,10840.15,10859.35,43.6,3,2,1,0,1,1,0,0
11996.05,11936.32425,59.72575,11996.05,11958.55,24.7,2,43,10,1,0,0,1,0
18279.15,18215.18,63.97,18279.15,18230.7,119.2,4,42,10,1,0,0,1,0
17677.3,17547.98275,129.31725,17677.3,17541.95,-125.3,0,5,1,1,0,1,0,1
8624.05,9090.54175,-466.49175,8624.05,9107.6,-912.85,4,11,3,0,1,0,1,1
9780.55,9706.5545,73.9955,9780.55,9753.5,-98.35,3,18,4,1,0,0,1,0
10820.15,10838.643,-18.493,10820.15,10844.05,-14.9,3,4,1,0,1,0,1,1
15295.95,15286.18425,9.76575,15295.95,15323.95,-46.2,3,21,5,0,1,0,1,1
8516.65,8528.8935,-12.2435,8516.65,8519.65,-26.8,4,29,7,0,1,1,0,0
9411.9,9431.675,-19.775,9411.9,9410.9,40.75,2,21,5,1,0,1,0,1
18368.45,18350.0515,18.3985,18368.45,18398.25,-3.1,2,46,11,0,1,0,1,1
10447.35,10416.37925,30.97075,10447.35,10440.5,15.05,3,44,11,1,0,0,1,0
24344.8,24238.36,106.44,24344.8,24308.75,-185.15,2,45,11,1,0,0,1,0
10866.75,10863.87075,2.87925,10866.75,10876.75,-32.3,0,6,2,0,1,0,1,1
11744.4,11725.1215,19.2785,11744.4,11727.4,-42.85,4,42,10,1,0,0,1,0
11765.65,11832.901,-67.251,11765.65,11844,170,0,25,6,0,1,0,1,1
22246.5,22349.62,-103.12,22246.5,22336.9,-33.6,0,17,4,0,1,1,0,0
25315.9,25391.71825,-75.81825,25315.9,25430.45,86.9,4,37,9,0,1,0,1,1
8644.1,8610.616,33.484,8644.1,8635.45,1.75,0,5,1,1,0,0,1,0
16368.15,16290.19625,77.95375,16368.15,16318.15,61.7,2,20,5,1,0,0,1,0
13461.35,13521.35375,-60.00375,13461.35,13488.5,6.95,3,50,12,0,1,1,0,0
7688.8,7654.39825,34.40175,7688.8,7670.5,-38.65,1,15,4,1,0,0,1,0
11746.65,11764.5635,-17.9135,11746.65,11744.95,58,2,35,8,1,0,1,0,1
24353.7,24432.43225,-78.73225,24353.7,24489.6,295,3,45,11,0,1,0,1,1
11091,11125.86325,-34.86325,11091,11120.85,71.4,1,5,1,0,1,1,0,0
18330.7,18353.86975,-23.16975,18330.7,18362.75,-58.8,1,46,11,0,1,0,1,1
8549.8,8507.47575,42.32425,8549.8,8525.5,8.55,1,28,7,1,0,0,1,0
17086,17060.32475,25.67525,17086,17045.25,-104.35,2,16,4,1,0,1,0,1
7980.5,7982.4135,-1.9135,7980.5,8004.2,-53,1,25,6,0,1,0,1,1
19777.35,19743.2365,34.1135,19777.35,19770.9,-9.9,1,47,11,1,0,0,1,0
15921.9,15871.50775,50.39225,15921.9,15909.15,109.2,1,27,7,1,0,0,1,0
16372.7,16456.62575,-83.92575,16372.7,16481.6,-307.85,0,9,2,0,1,0,1,1
11814.8,11866.439,-51.639,11814.8,11858.75,-10.45,3,46,11,0,1,1,0,0
11401,11371.17075,29.82925,11401,11381.55,99.3,1,38,9,1,0,0,1,0
15030.85,15101.68575,-70.83575,15030.85,15064.4,-176.1,2,9,3,0,1,1,0,0
19781.15,19779.81925,1.33075,19781.15,19774.8,-45.7,4,36,9,1,0,1,0,1
21940.85,21814.109,126.741,21940.85,21812.75,-40.55,4,5,2,1,0,1,0,1
10770.3,10743.68575,26.61425,10770.3,10779.65,69.3,3,19,5,0,1,0,1,1
9307.25,9332.9465,-25.6965,9307.25,9340.95,36.3,4,17,4,0,1,0,1,1
14246,14235.08,10.92,14246,14258.4,-85.5,4,1,1,0,1,0,1,1
11201.55,11167.19825,34.35175,11201.55,11154.1,-137.9,1,31,7,1,0,1,0,1
9115.2,9145.3095,-30.1095,9115.2,9128.7,-16.35,2,13,3,0,1,1,0,0
25253,25238.47375,14.52625,25253,25249.7,2.7,4,35,8,1,0,0,1,0
9819.95,9791.0785,28.8715,9819.95,9807.3,-15.55,2,28,7,1,0,0,1,0
15756.5,15744.44075,12.05925,15756.5,15766.3,126.05,2,23,6,0,1,0,1,1
7202.3,7193.991,8.309,7202.3,7240.3,145.75,1,8,2,0,1,0,1,1
7197.6,7156.1425,41.4575,7197.6,7177.4,-1.1,3,7,2,1,0,0,1,0
9375.35,9345.822,29.528,9375.35,9348.15,100.95,0,20,5,1,0,0,1,0
7835.65,7828.60925,7.04075,7835.65,7811.8,-121,2,21,5,1,0,1,0,1
11512.45,11558.2175,-45.7675,11512.45,11564.85,133.65,2,39,9,0,1,0,1,1
8198.65,8023.69375,174.95625,8198.65,8054.05,-405.2,2,45,11,1,0,0,1,0
8050.35,8090.908,-40.558,8050.35,8102.1,159.25,0,47,11,0,1,0,1,1
11647.65,11636.35525,11.29475,11647.65,11661.65,76.5,3,43,10,0,1,0,1,1
8099.15,8112.3785,-13.2285,8099.15,8088.75,-50.3,0,49,12,1,0,1,0,1
17269.9,17256.7005,13.1995,17269.9,17210.35,-147.95,4,13,3,1,0,1,0,1
17649.2,17564.257,84.943,17649.2,17599.9,132.45,2,15,4,1,0,0,1,0
10447.25,10467.01275,-19.76275,10447.25,10461.55,7.9,4,44,11,0,1,1,0,0
22987.85,22883.761,104.089,22987.85,23038.95,107.9,0,22,5,0,1,0,1,1
17467,17469.4455,-2.4455,17467,17451.25,-141.05,4,9,3,1,0,1,0,1
9129.25,9173.33325,-44.08325,9129.25,9196.4,253.8,2,16,4,0,1,0,1,1
10594.8,10591.90325,2.89675,10594.8,10614.45,14.2,2,45,11,0,1,0,1,1
7928.55,7985.40625,-56.85625,7928.55,7965.1,52.65,0,52,12,0,1,1,0,0
8328.6,8304.14475,24.45525,8328.6,8316.35,-55.25,1,27,6,1,0,0,1,0
9841.55,9881.4495,-39.8995,9841.55,9893.3,38.55,1,40,10,0,1,0,1,1
12621.7,12725.059,-103.359,12621.7,12659.7,-63.4,4,46,11,0,1,1,0,0
15864.2,15826.6595,37.5405,15864.2,15847.5,91.8,2,24,6,1,0,0,1,0
10190.35,10193.2515,-2.9015,10190.35,10181.95,27,2,12,3,1,0,1,0,1
10827.05,10839.968,-12.918,10827.05,10829.2,-70.85,4,3,1,0,1,1,0,0
17039.45,17112.5965,-73.1465,17039.45,17102.1,226.1,0,40,10,0,1,1,0,0
8644.15,8601.27575,42.87425,8644.15,8610.5,-31.45,4,4,1,1,0,0,1,0
7873.95,7860.79075,13.15925,7873.95,7867.85,49.4,1,38,9,1,0,0,1,0
8218.65,8198.59175,20.05825,8218.65,8215.55,-49.3,1,18,4,1,0,0,1,0
9889.15,9867.804,21.346,9889.15,9863.25,-228,3,25,6,1,0,1,0,1
10224.9,10211.6745,13.2255,10224.9,10209.55,-152.45,2,44,10,1,0,1,0,1
17737.4,17783.4055,-46.0055,17737.4,17767.3,-50.65,2,17,4,0,1,1,0,0
16972.9,16942.389,30.511,16972.9,16947.5,-183.85,1,35,8,1,0,0,1,0
11329.9,11290.2785,39.6215,11329.9,11276.9,79.7,2,31,7,1,0,1,0,1
11229.3,11229.69075,-0.39075,11229.3,11232.75,-40.85,4,30,7,0,1,0,1,1
9636,9636.224,-0.224,9636,9638.55,-28.1,4,23,6,0,1,0,1,1
15438.7,15470.7845,-32.0845,15438.7,15455.95,-178.2,1,25,6,0,1,1,0,0
19577.25,19563.44625,13.80375,19577.25,19581.2,-37.7,2,36,9,0,1,0,1,1
8949.1,8967.61675,-18.51675,8949.1,8996.6,175.15,4,5,1,0,1,0,1,1
17619.95,17572.50175,47.44825,17619.95,17615.55,-84.95,0,40,10,1,0,0,1,0
12275.25,12270.41525,4.83475,12275.25,12274.9,16.15,0,1,12,1,0,0,1,0
10771.7,10783.87575,-12.17575,10771.7,10784.5,-17.85,4,50,12,0,1,0,1,1
17684.15,17745.226,-61.076,17684.15,17740.9,61.25,0,15,4,0,1,1,0,0
18299.35,18290.23,9.12,18299.35,18303.4,45.1,1,19,5,0,1,0,1,1
19463.85,19500.3435,-36.4935,19463.85,19497.45,112.7,2,28,7,0,1,1,0,0
23351.4,23429.8895,-78.4895,23351.4,23464.95,10.8,4,24,6,0,1,0,1,1
10335.3,10405.557,-70.257,10335.3,10405.85,153.3,0,43,10,0,1,0,1,1
8730.65,8731.442,-0.792,8730.65,8733.1,33.7,3,6,2,0,1,0,1,1
14749.95,14742.40375,7.54625,14749.95,14729.15,-91.3,2,8,2,1,0,1,0,1
16577.75,16548.355,29.395,16577.75,16545.25,-60.2,1,33,8,1,0,1,0,1
10736.7,10745.53425,-8.83425,10736.7,10736.4,-22.95,4,23,6,1,0,1,0,1
9864.6,9866.41175,-1.81175,9864.6,9859.5,-26.85,2,35,8,1,0,1,0,1
8713.6,8722.44675,-8.84675,8713.6,8711.2,-33.95,2,39,9,1,0,1,0,1
19591.65,19552.5495,39.1005,19591.65,19565.6,-125.9,1,41,10,1,0,0,1,0
11433.35,11479.31775,-45.96775,11433.35,11478.7,117.1,2,19,5,0,1,1,0,0
16970.55,16976.25025,-5.70025,16970.55,16993.6,150.7,3,39,9,0,1,0,1,1
9956.6,9981.41125,-24.81125,9956.6,9984.15,79.8,0,36,9,0,1,0,1,1
8176.5,8218.19575,-41.69575,8176.5,8232.45,11.3,3,20,5,0,1,0,1,1
18089.8,18081.48175,8.31825,18089.8,18084.75,-22.15,2,52,12,1,0,0,1,0
7253,7276.19075,-23.19075,7253,7260.45,40.2,2,6,2,0,1,1,0,0
7733,7748.94675,-15.94675,7733,7737.4,-22.5,1,21,5,0,1,1,0,0
8576.85,8583.639,-6.789,8576.85,8607.1,-5.3,3,43,10,0,1,0,1,1
12125.05,12098.286,26.764,12125.05,12079.1,18.8,1,2,1,1,0,1,0,1
17394.4,17465.8325,-71.4325,17394.4,17443.8,25.2,4,10,3,0,1,1,0,0
8280.25,8255.84425,24.40575,8280.25,8258.35,9.25,2,43,10,1,0,0,1,0
15875.9,15842.45475,33.44525,15875.9,15855.4,127.4,3,27,7,1,0,0,1,0
9216.25,9223.77,-7.52,9216.25,9234.05,21.1,3,19,5,0,1,0,1,1
17267.7,17295.18,-27.48,17267.7,17287.2,-28.95,4,40,10,0,1,1,0,0
9971.45,9997.1035,-25.6535,9971.45,9996.55,-6.4,4,30,7,0,1,1,0,0
17932.7,17955.9285,-23.2285,17932.7,17965.55,117.85,0,8,2,0,1,0,1,1
10801.55,10842.444,-40.894,10801.55,10816.15,-36.2,1,24,6,0,1,1,0,0
14103.4,14046.9015,56.4985,14103.4,14104.35,-39.3,0,1,1,0,1,0,1,1
17357.6,17387.89525,-30.29525,17357.6,17349.25,-43.65,2,31,8,1,0,1,0,1
10152.6,10149.51075,3.08925,10152.6,10160.95,21.4,2,38,9,0,1,0,1,1
9909.6,9866.04975,43.55025,9909.6,9880.85,-114.25,1,23,6,1,0,0,1,0
11465.8,11473.3705,-7.5705,11465.8,11464.95,-6.6,2,42,10,1,0,1,0,1
16515.1,16565.832,-50.732,16515.1,16523.55,-86.25,3,29,7,0,1,1,0,0
7821.2,7810.20625,10.99375,7821.2,7828.9,65.85,4,51,12,0,1,0,1,1
17860.3,17796.2915,64.0085,17860.3,17847.55,4.2,4,6,2,1,0,0,1,0
18038,18062.17025,-24.17025,18038,18044.45,-22.05,1,37,9,0,1,1,0,0
10222.7,10204.687,18.013,10222.7,10216.25,-20.1,3,10,3,1,0,0,1,0
11363.75,11340.288,23.462,11363.75,11354.4,-3.95,4,36,9,1,0,0,1,0
15867.4,15839.37575,28.02425,15867.4,15860.5,113.3,1,30,7,1,0,0,1,0
17871.6,17895.66825,-24.06825,17871.6,17896.6,-126.6,2,7,2,0,1,0,1,1
10740.8,10742.2205,-1.4205,10740.8,10744.1,-47.85,3,8,2,0,1,0,1,1
16918.45,16868.421,50.029,16918.45,16847.95,-232.65,1,8,2,1,0,1,0,1
8143.5,8179.6335,-36.1335,8143.5,8205.65,111.2,2,46,11,0,1,0,1,1
10964.55,10946.4485,18.1015,10964.55,10963.5,-48.45,4,29,7,1,0,0,1,0
17172.35,17120.657,51.693,17172.35,17177.45,34.7,2,12,3,0,1,0,1,1
11047.35,11037.59675,9.75325,11047.35,11024.85,-24.25,2,10,3,1,0,1,0,1
8771.5,8800.4535,-28.9535,8771.5,8789.15,75.2,2,6,2,0,1,1,0,0
9924.85,9942.8475,-17.9975,9924.85,9945.55,41.7,3,33,8,0,1,0,1,1
11353.9,11314.28775,39.61225,11353.9,11334.85,22.65,3,33,8,1,0,0,1,0
16172.4,16133.789,38.611,16172.4,16151.4,-130,0,29,7,1,0,0,1,0
16446.4,16433.8075,12.5925,16446.4,16475.35,-167.4,2,30,7,0,1,0,1,1
12081.2,12083.106,-1.906,12081.2,12100.4,133.95,4,5,1,0,1,0,1,1
10886.6,10882.30425,4.29575,10886.6,10879.7,51.3,1,7,2,1,0,1,0,1
15670.95,15696.7915,-25.8415,15670.95,15655.55,-33.35,3,22,6,1,0,1,0,1
11013.55,10960.67575,52.87425,11013.55,10986.8,-94.55,4,37,9,1,0,0,1,0
18478.7,18538.573,-59.873,18478.7,18528.45,30.05,4,47,11,0,1,1,0,0
11135.1,11111.26475,23.83525,11135.1,11079.35,-45.35,0,5,1,1,0,1,0,1
24769.3,24839.0355,-69.7355,24769.3,24853.8,327.95,4,29,7,0,1,0,1,1
8160.8,8181.89875,-21.09875,8160.8,8195.25,6.2,1,1,1,0,1,0,1,1
21952.6,21952.64525,-0.04525,21952.6,21935.2,-106.85,3,9,2,1,0,1,0,1
11103.45,11116.547,-13.097,11103.45,11164.4,189.7,0,39,9,0,1,0,1,1
9200.5,9196.83825,3.66175,9200.5,9220.6,-22.4,0,14,4,0,1,0,1,1
10736.6,10736.54325,0.05675,10736.6,10757.9,43.6,1,19,5,0,1,0,1,1
10465.75,10471.63375,-5.88375,10465.75,10464.85,-68.5,3,21,5,1,0,1,0,1
7866.6,7914.5945,-47.9945,7866.6,7919.15,-41.1,3,35,8,0,1,0,1,1
11049.45,10999.70425,49.74575,11049.45,11019.85,-59.2,0,30,7,1,0,0,1,0
10175.25,10180.8445,-5.5945,10175.25,10181.15,154.9,1,24,6,0,1,0,1,1
16781.05,16720.264,60.786,16781.05,16774.85,-147.2,3,30,7,1,0,0,1,0
8353.95,8374.8435,-20.8935,8353.95,8377.45,-3.65,1,26,6,0,1,0,1,1
10886.2,10898.10775,-11.90775,10886.2,10883.8,-57.2,4,36,9,1,0,1,0,1
17306.65,17282.95625,23.69375,17306.65,17283.2,-36.3,1,50,12,1,0,0,1,0
19632.1,19658.97425,-26.87425,19632.1,19666.35,-76.15,0,31,7,0,1,0,1,1
9879.35,9907.132,-27.782,9879.35,9913.3,26.6,4,28,7,0,1,0,1,1
10357.2,10366.57875,-9.37875,10357.2,10364.9,24.9,1,44,10,0,1,1,0,0
9066.85,9046.443,20.407,9066.85,9047.2,19.55,2,12,3,1,0,0,1,0
8167.8,8175.11475,-7.31475,8167.8,8196.75,69.05,3,41,10,0,1,0,1,1
21255.5,21220.5585,34.9415,21255.5,21295.85,-36.5,4,51,12,0,1,0,1,1
22493.85,22434.34175,59.50825,22493.85,22455,-14.05,0,14,4,1,0,0,1,0
8015.3,7979.6005,35.6995,8015.3,7990.8,-23.7,1,47,11,1,0,0,1,0
14222.1,14229.812,-7.712,14222.1,14253.75,105.3,3,1,1,0,1,0,1,1
19159.6,19271.94375,-112.34375,19159.6,19232.95,146.4,1,44,10,0,1,1,0,0
8360.4,8344.00975,16.39025,8360.4,8364.85,29.7,3,28,7,0,1,0,1,1
17460.35,17482.66875,-22.31875,17460.35,17463.1,99.1,3,31,8,0,1,1,0,0
17482.8,17534.51275,-51.71275,17482.8,17554.1,-32.85,3,6,2,0,1,0,1,1
15228.45,15203.1525,25.2975,15228.45,15238.7,118.5,3,7,2,0,1,0,1,1
13907.85,13989.846,-81.996,13907.85,13946.6,285.8,4,4,1,0,1,1,0,0
19800.55,19742.9205,57.6295,19800.55,19767,-41.5,2,41,10,1,0,0,1,0
11284.75,11304.706,-19.956,11284.75,11306.05,48.05,3,10,3,0,1,0,1,1
24364.65,24370.66375,-6.01375,24364.65,24369.95,65.3,3,27,7,0,1,1,0,0
19522.45,19539.6725,-17.2225,19522.45,19521.85,-24.75,3,40,10,1,0,1,0,1
16274.75,16261.9225,12.8275,16274.75,16290.95,99.3,0,21,5,0,1,0,1,1
11400.6,11416.931,-16.331,11400.6,11423.15,34.05,1,32,8,0,1,0,1,1
14680.45,14732.448,-51.998,14680.45,14754.9,-28.7,2,5,2,0,1,0,1,1
7776.15,7814.1265,-37.9765,7776.15,7811.1,-56.75,0,38,9,0,1,1,0,0
10428.85,10400.927,27.923,10428.85,10389.5,-35.7,1,11,3,1,0,1,0,1
21793.1,21829.42275,-36.32275,21793.1,21825.2,-113.6,1,6,2,0,1,1,0,0
22376.65,22443.23675,-66.58675,22376.65,22415.25,-50.3,4,20,5,0,1,1,0,0
10225.2,10235.3265,-10.1265,10225.2,10227.65,-10.7,1,42,10,0,1,1,0,0
18855.85,18879.08775,-23.23775,18855.85,18849.4,-12.7,2,25,6,1,0,1,0,1
11699.1,11640.2745,58.8255,11699.1,11657.15,67.25,1,43,10,1,0,0,1,0
17237.6,17287.56175,-49.96175,17237.6,17279.85,39.5,1,6,2,0,1,1,0,0
24216.55,24224.40175,-7.85175,24216.55,24302.85,251.05,0,32,8,0,1,0,1,1
14937.55,14974.059,-36.509,14937.55,14928.25,-21.15,0,19,5,1,0,1,0,1
16257.7,16228.83875,28.86125,16257.7,16187.05,-142.25,1,29,7,1,0,1,0,1
18084.25,18062.36225,21.88775,18084.25,18053.4,-74.5,4,44,11,1,0,1,0,1
8625.8,8590.3515,35.4485,8625.8,8605.45,-50.55,4,32,8,1,0,0,1,0
14546.5,14583.83225,-37.33225,14546.5,14604.15,-30.85,2,18,5,0,1,0,1,1
8523.75,8547.18225,-23.43225,8523.75,8540,-2.15,1,45,11,0,1,1,0,0
9597.65,9625.3895,-27.7395,9597.65,9595.45,17.45,4,24,6,1,0,1,0,1
11045.6,11051.72675,-6.12675,11045.6,11060.2,76.75,2,29,7,0,1,0,1,1
11746.05,11782.7875,-36.7375,11746.05,11777.55,436.5,0,36,8,0,1,1,0,0
24995.35,25011.69375,-16.34375,24995.35,24999.4,-52.7,1,37,9,0,1,1,0,0
17394.6,17377.10425,17.49575,17394.6,17379.25,62.25,3,40,10,1,0,0,1,0
15709.4,15696.9385,12.4615,15709.4,15648.3,-33.4,3,24,6,1,0,1,0,1
17965.75,17935.99875,29.75125,17965.75,17947.95,114.95,2,44,11,1,0,0,1,0
8053.25,8035.19825,18.05175,8053.25,8030.6,-74.5,3,52,12,1,0,1,0,1
15654.3,15692.68275,-38.38275,15654.3,15688.25,-8.8,4,27,7,0,1,1,0,0
16685.8,16672.95375,12.84625,16685.8,16691.95,141.55,2,33,8,0,1,0,1,1
11064,11031.46075,32.53925,11064,11058.3,77.25,3,37,9,1,0,0,1,0
8903.75,8965.77525,-62.02525,8903.75,8961.7,71.15,1,21,5,0,1,1,0,0
10879.75,10918.5955,-38.8455,10879.75,10930.9,31,0,7,2,0,1,0,1,1
17632.65,17718.72825,-86.07825,17632.65,17796.25,356.25,0,47,11,0,1,0,1,1
10475.75,10470.16875,5.58125,10475.75,10477.55,38,1,1,1,0,1,0,1,1
17671.8,17653.53675,18.26325,17671.8,17638.6,14.7,3,16,4,1,0,1,0,1
16941,16938.00575,2.99425,16941,16933.25,-418.6,1,7,2,1,0,1,0,1
17818.7,17834.6725,-15.9725,17818.7,17840.35,-81.5,1,7,2,0,1,0,1,1
10482.15,10508.062,-25.912,10482.15,10495.3,11.6,4,15,4,0,1,1,0,0
9089.65,9083.794,5.856,9089.65,9086.85,4.25,2,11,3,1,0,0,1,0
11870.6,11918.52575,-47.92575,11870.6,11890.3,-17.2,1,27,7,0,1,1,0,0
7866.5,7807.897,58.603,7866.5,7824.8,82.05,1,18,5,1,0,0,1,0
19378.95,19413.811,-34.861,19378.95,19406.6,21.05,1,27,7,0,1,1,0,0
11594.6,11619.809,-25.209,11594.6,11614.75,27.1,0,29,7,0,1,1,0,0
11039,10991.7935,47.2065,11039,11028.5,9.55,2,37,9,1,0,0,1,0
9233.25,9200.714,32.536,9233.25,9223.7,26.8,4,14,4,1,0,0,1,0
17916.85,17835.008,81.842,17916.85,17771.15,-229.5,2,37,9,1,0,1,0,1
